T,T-y1,T-y1-y11,T-y1-y11-Bottom1
T,T-y1,T-y1-y11,T-y1-y11-Bottom2
T,T-y1,T-y1-y11,T-y1-y11-Bottom3
T,T-y1,T-y1-y11,T-y1-y11-Bottom4
T,T-y1,T-y1-y11,T-y1-y11-Bottom5
T,T-y1,T-y1-y11,T-y1-y11-Bottom6
T,T-y1,T-y1-y11,T-y1-y11-Bottom7
T,T-y1,T-y1-y11,T-y1-y11-Bottom8
T,T-y1,T-y1-y11,T-y1-y11-Bottom9
T,T-y1,T-y1-y11,T-y1-y11-Bottom10
T,T-y1,T-y1-y11,T-y1-y11-Bottom11
T,T-y1,T-y1-y11,T-y1-y11-Bottom12
T,T-y1,T-y1-y11,T-y1-y11-Bottom13
T,T-y1,T-y1-y11,T-y1-y11-Bottom14
T,T-y1,T-y1-y11,T-y1-y11-Bottom15
T,T-y1,T-y1-y11,T-y1-y11-Bottom16
T,T-y1,T-y1-y11,T-y1-y11-Bottom17
T,T-y1,T-y1-y11,T-y1-y11-Bottom18
T,T-y1,T-y1-y11,T-y1-y11-Bottom19
T,T-y1,T-y1-y11,T-y1-y11-Bottom20
T,T-y1,T-y1-y11,T-y1-y11-Bottom21
T,T-y1,T-y1-y11,T-y1-y11-Bottom22
T,T-y1,T-y1-y11,T-y1-y11-Bottom23
T,T-y1,T-y1-y11,T-y1-y11-Bottom24
T,T-y1,T-y1-y11,T-y1-y11-Bottom25
T,T-y1,T-y1-y11,T-y1-y11-Bottom26
T,T-y1,T-y1-y11,T-y1-y11-Bottom27
T,T-y1,T-y1-y11,T-y1-y11-Bottom28
T,T-y1,T-y1-y11,T-y1-y11-Bottom29
T,T-y1,T-y1-y11,T-y1-y11-Bottom30
T,T-y1,T-y1-y11,T-y1-y11-Bottom31
T,T-y1,T-y1-y11,T-y1-y11-Bottom32
T,T-y1,T-y1-y11,T-y1-y11-Bottom33
T,T-y1,T-y1-y11,T-y1-y11-Bottom34
T,T-y1,T-y1-y11,T-y1-y11-Bottom35
T,T-y1,T-y1-y11,T-y1-y11-Bottom36
T,T-y1,T-y1-y11,T-y1-y11-Bottom37
T,T-y1,T-y1-y11,T-y1-y11-Bottom38
T,T-y1,T-y1-y11,T-y1-y11-Bottom39
T,T-y1,T-y1-y11,T-y1-y11-Bottom40
T,T-y1,T-y1-y11,T-y1-y11-Bottom41
T,T-y1,T-y1-y11,T-y1-y11-Bottom42
T,T-y1,T-y1-y11,T-y1-y11-Bottom43
T,T-y1,T-y1-y11,T-y1-y11-Bottom44
T,T-y1,T-y1-y11,T-y1-y11-Bottom45
T,T-y1,T-y1-y11,T-y1-y11-Bottom46
T,T-y1,T-y1-y11,T-y1-y11-Bottom47
T,T-y1,T-y1-y11,T-y1-y11-Bottom48
T,T-y1,T-y1-y11,T-y1-y11-Bottom49
T,T-y1,T-y1-y11,T-y1-y11-Bottom50
T,T-y1,T-y1-y12,T-y1-y12-Bottom51
T,T-y1,T-y1-y12,T-y1-y12-Bottom52
T,T-y1,T-y1-y12,T-y1-y12-Bottom53
T,T-y1,T-y1-y12,T-y1-y12-Bottom54
T,T-y1,T-y1-y12,T-y1-y12-Bottom55
T,T-y1,T-y1-y12,T-y1-y12-Bottom56
T,T-y1,T-y1-y12,T-y1-y12-Bottom57
T,T-y1,T-y1-y12,T-y1-y12-Bottom58
T,T-y1,T-y1-y12,T-y1-y12-Bottom59
T,T-y1,T-y1-y12,T-y1-y12-Bottom60
T,T-y1,T-y1-y12,T-y1-y12-Bottom61
T,T-y1,T-y1-y12,T-y1-y12-Bottom62
T,T-y1,T-y1-y12,T-y1-y12-Bottom63
T,T-y1,T-y1-y12,T-y1-y12-Bottom64
T,T-y1,T-y1-y12,T-y1-y12-Bottom65
T,T-y1,T-y1-y12,T-y1-y12-Bottom66
T,T-y1,T-y1-y12,T-y1-y12-Bottom67
T,T-y1,T-y1-y12,T-y1-y12-Bottom68
T,T-y1,T-y1-y12,T-y1-y12-Bottom69
T,T-y1,T-y1-y12,T-y1-y12-Bottom70
T,T-y1,T-y1-y12,T-y1-y12-Bottom71
T,T-y1,T-y1-y12,T-y1-y12-Bottom72
T,T-y1,T-y1-y12,T-y1-y12-Bottom73
T,T-y1,T-y1-y12,T-y1-y12-Bottom74
T,T-y1,T-y1-y12,T-y1-y12-Bottom75
T,T-y1,T-y1-y12,T-y1-y12-Bottom76
T,T-y1,T-y1-y12,T-y1-y12-Bottom77
T,T-y1,T-y1-y12,T-y1-y12-Bottom78
T,T-y1,T-y1-y12,T-y1-y12-Bottom79
T,T-y1,T-y1-y12,T-y1-y12-Bottom80
T,T-y1,T-y1-y12,T-y1-y12-Bottom81
T,T-y1,T-y1-y12,T-y1-y12-Bottom82
T,T-y1,T-y1-y12,T-y1-y12-Bottom83
T,T-y1,T-y1-y12,T-y1-y12-Bottom84
T,T-y1,T-y1-y12,T-y1-y12-Bottom85
T,T-y1,T-y1-y12,T-y1-y12-Bottom86
T,T-y1,T-y1-y12,T-y1-y12-Bottom87
T,T-y1,T-y1-y12,T-y1-y12-Bottom88
T,T-y1,T-y1-y12,T-y1-y12-Bottom89
T,T-y1,T-y1-y12,T-y1-y12-Bottom90
T,T-y1,T-y1-y12,T-y1-y12-Bottom91
T,T-y1,T-y1-y12,T-y1-y12-Bottom92
T,T-y1,T-y1-y12,T-y1-y12-Bottom93
T,T-y1,T-y1-y12,T-y1-y12-Bottom94
T,T-y1,T-y1-y12,T-y1-y12-Bottom95
T,T-y1,T-y1-y12,T-y1-y12-Bottom96
T,T-y1,T-y1-y12,T-y1-y12-Bottom97
T,T-y1,T-y1-y12,T-y1-y12-Bottom98
T,T-y1,T-y1-y12,T-y1-y12-Bottom99
T,T-y1,T-y1-y12,T-y1-y12-Bottom100
T,T-y2,T-y2-y21,T-y2-y21-Bottom101
T,T-y2,T-y2-y21,T-y2-y21-Bottom102
T,T-y2,T-y2-y21,T-y2-y21-Bottom103
T,T-y2,T-y2-y21,T-y2-y21-Bottom104
T,T-y2,T-y2-y21,T-y2-y21-Bottom105
T,T-y2,T-y2-y21,T-y2-y21-Bottom106
T,T-y2,T-y2-y21,T-y2-y21-Bottom107
T,T-y2,T-y2-y21,T-y2-y21-Bottom108
T,T-y2,T-y2-y21,T-y2-y21-Bottom109
T,T-y2,T-y2-y21,T-y2-y21-Bottom110
T,T-y2,T-y2-y21,T-y2-y21-Bottom111
T,T-y2,T-y2-y21,T-y2-y21-Bottom112
T,T-y2,T-y2-y21,T-y2-y21-Bottom113
T,T-y2,T-y2-y21,T-y2-y21-Bottom114
T,T-y2,T-y2-y21,T-y2-y21-Bottom115
T,T-y2,T-y2-y21,T-y2-y21-Bottom116
T,T-y2,T-y2-y21,T-y2-y21-Bottom117
T,T-y2,T-y2-y21,T-y2-y21-Bottom118
T,T-y2,T-y2-y21,T-y2-y21-Bottom119
T,T-y2,T-y2-y21,T-y2-y21-Bottom120
T,T-y2,T-y2-y21,T-y2-y21-Bottom121
T,T-y2,T-y2-y21,T-y2-y21-Bottom122
T,T-y2,T-y2-y21,T-y2-y21-Bottom123
T,T-y2,T-y2-y21,T-y2-y21-Bottom124
T,T-y2,T-y2-y21,T-y2-y21-Bottom125
T,T-y2,T-y2-y21,T-y2-y21-Bottom126
T,T-y2,T-y2-y21,T-y2-y21-Bottom127
T,T-y2,T-y2-y21,T-y2-y21-Bottom128
T,T-y2,T-y2-y21,T-y2-y21-Bottom129
T,T-y2,T-y2-y21,T-y2-y21-Bottom130
T,T-y2,T-y2-y21,T-y2-y21-Bottom131
T,T-y2,T-y2-y21,T-y2-y21-Bottom132
T,T-y2,T-y2-y21,T-y2-y21-Bottom133
T,T-y2,T-y2-y21,T-y2-y21-Bottom134
T,T-y2,T-y2-y21,T-y2-y21-Bottom135
T,T-y2,T-y2-y21,T-y2-y21-Bottom136
T,T-y2,T-y2-y21,T-y2-y21-Bottom137
T,T-y2,T-y2-y21,T-y2-y21-Bottom138
T,T-y2,T-y2-y21,T-y2-y21-Bottom139
T,T-y2,T-y2-y21,T-y2-y21-Bottom140
T,T-y2,T-y2-y21,T-y2-y21-Bottom141
T,T-y2,T-y2-y21,T-y2-y21-Bottom142
T,T-y2,T-y2-y21,T-y2-y21-Bottom143
T,T-y2,T-y2-y21,T-y2-y21-Bottom144
T,T-y2,T-y2-y21,T-y2-y21-Bottom145
T,T-y2,T-y2-y21,T-y2-y21-Bottom146
T,T-y2,T-y2-y21,T-y2-y21-Bottom147
T,T-y2,T-y2-y21,T-y2-y21-Bottom148
T,T-y2,T-y2-y21,T-y2-y21-Bottom149
T,T-y2,T-y2-y21,T-y2-y21-Bottom150
T,T-y2,T-y2-y22,T-y2-y22-Bottom151
T,T-y2,T-y2-y22,T-y2-y22-Bottom152
T,T-y2,T-y2-y22,T-y2-y22-Bottom153
T,T-y2,T-y2-y22,T-y2-y22-Bottom154
T,T-y2,T-y2-y22,T-y2-y22-Bottom155
T,T-y2,T-y2-y22,T-y2-y22-Bottom156
T,T-y2,T-y2-y22,T-y2-y22-Bottom157
T,T-y2,T-y2-y22,T-y2-y22-Bottom158
T,T-y2,T-y2-y22,T-y2-y22-Bottom159
T,T-y2,T-y2-y22,T-y2-y22-Bottom160
T,T-y2,T-y2-y22,T-y2-y22-Bottom161
T,T-y2,T-y2-y22,T-y2-y22-Bottom162
T,T-y2,T-y2-y22,T-y2-y22-Bottom163
T,T-y2,T-y2-y22,T-y2-y22-Bottom164
T,T-y2,T-y2-y22,T-y2-y22-Bottom165
T,T-y2,T-y2-y22,T-y2-y22-Bottom166
T,T-y2,T-y2-y22,T-y2-y22-Bottom167
T,T-y2,T-y2-y22,T-y2-y22-Bottom168
T,T-y2,T-y2-y22,T-y2-y22-Bottom169
T,T-y2,T-y2-y22,T-y2-y22-Bottom170
T,T-y2,T-y2-y22,T-y2-y22-Bottom171
T,T-y2,T-y2-y22,T-y2-y22-Bottom172
T,T-y2,T-y2-y22,T-y2-y22-Bottom173
T,T-y2,T-y2-y22,T-y2-y22-Bottom174
T,T-y2,T-y2-y22,T-y2-y22-Bottom175
T,T-y2,T-y2-y22,T-y2-y22-Bottom176
T,T-y2,T-y2-y22,T-y2-y22-Bottom177
T,T-y2,T-y2-y22,T-y2-y22-Bottom178
T,T-y2,T-y2-y22,T-y2-y22-Bottom179
T,T-y2,T-y2-y22,T-y2-y22-Bottom180
T,T-y2,T-y2-y22,T-y2-y22-Bottom181
T,T-y2,T-y2-y22,T-y2-y22-Bottom182
T,T-y2,T-y2-y22,T-y2-y22-Bottom183
T,T-y2,T-y2-y22,T-y2-y22-Bottom184
T,T-y2,T-y2-y22,T-y2-y22-Bottom185
T,T-y2,T-y2-y22,T-y2-y22-Bottom186
T,T-y2,T-y2-y22,T-y2-y22-Bottom187
T,T-y2,T-y2-y22,T-y2-y22-Bottom188
T,T-y2,T-y2-y22,T-y2-y22-Bottom189
T,T-y2,T-y2-y22,T-y2-y22-Bottom190
T,T-y2,T-y2-y22,T-y2-y22-Bottom191
T,T-y2,T-y2-y22,T-y2-y22-Bottom192
T,T-y2,T-y2-y22,T-y2-y22-Bottom193
T,T-y2,T-y2-y22,T-y2-y22-Bottom194
T,T-y2,T-y2-y22,T-y2-y22-Bottom195
T,T-y2,T-y2-y22,T-y2-y22-Bottom196
T,T-y2,T-y2-y22,T-y2-y22-Bottom197
T,T-y2,T-y2-y22,T-y2-y22-Bottom198
T,T-y2,T-y2-y22,T-y2-y22-Bottom199
T,T-y2,T-y2-y22,T-y2-y22-Bottom200
