T,T-A,T-A-A,T-A-A-A,T-A-A-A-Hol
T,T-A,T-A-A,T-A-A-A,T-A-A-A-Vis
T,T-A,T-A-A,T-A-A-A,T-A-A-A-Bus
T,T-A,T-A-A,T-A-A-A,T-A-A-A-Oth
T,T-A,T-A-A,T-A-A-B,T-A-A-B-Hol
T,T-A,T-A-A,T-A-A-B,T-A-A-B-Vis
T,T-A,T-A-A,T-A-A-B,T-A-A-B-Bus
T,T-A,T-A-A,T-A-A-B,T-A-A-B-Oth
T,T-A,T-A-B,T-A-B-A,T-A-B-A-Hol
T,T-A,T-A-B,T-A-B-A,T-A-B-A-Vis
T,T-A,T-A-B,T-A-B-A,T-A-B-A-Bus
T,T-A,T-A-B,T-A-B-A,T-A-B-A-Oth
T,T-A,T-A-B,T-A-B-B,T-A-B-B-Hol
T,T-A,T-A-B,T-A-B-B,T-A-B-B-Vis
T,T-A,T-A-B,T-A-B-B,T-A-B-B-Bus
T,T-A,T-A-B,T-A-B-B,T-A-B-B-Oth
T,T-A,T-A-C,T-A-C-A,T-A-C-A-Hol
T,T-A,T-A-C,T-A-C-A,T-A-C-A-Vis
T,T-A,T-A-C,T-A-C-A,T-A-C-A-Bus
T,T-A,T-A-C,T-A-C-A,T-A-C-A-Oth
T,T-A,T-A-D,T-A-D-A,T-A-D-A-Hol
T,T-A,T-A-D,T-A-D-A,T-A-D-A-Vis
T,T-A,T-A-D,T-A-D-A,T-A-D-A-Bus
T,T-A,T-A-D,T-A-D-A,T-A-D-A-Oth
T,T-A,T-A-D,T-A-D-B,T-A-D-B-Hol
T,T-A,T-A-D,T-A-D-B,T-A-D-B-Vis
T,T-A,T-A-D,T-A-D-B,T-A-D-B-Bus
T,T-A,T-A-D,T-A-D-B,T-A-D-B-Oth
T,T-A,T-A-D,T-A-D-C,T-A-D-C-Hol
T,T-A,T-A-D,T-A-D-C,T-A-D-C-Vis
T,T-A,T-A-D,T-A-D-C,T-A-D-C-Bus
T,T-A,T-A-D,T-A-D-C,T-A-D-C-Oth
T,T-A,T-A-D,T-A-D-D,T-A-D-D-Hol
T,T-A,T-A-D,T-A-D-D,T-A-D-D-Vis
T,T-A,T-A-D,T-A-D-D,T-A-D-D-Bus
T,T-A,T-A-D,T-A-D-D,T-A-D-D-Oth
T,T-A,T-A-E,T-A-E-A,T-A-E-A-Hol
T,T-A,T-A-E,T-A-E-A,T-A-E-A-Vis
T,T-A,T-A-E,T-A-E-A,T-A-E-A-Bus
T,T-A,T-A-E,T-A-E-A,T-A-E-A-Oth
T,T-A,T-A-E,T-A-E-B,T-A-E-B-Hol
T,T-A,T-A-E,T-A-E-B,T-A-E-B-Vis
T,T-A,T-A-E,T-A-E-B,T-A-E-B-Bus
T,T-A,T-A-E,T-A-E-B,T-A-E-B-Oth
T,T-A,T-A-E,T-A-E-C,T-A-E-C-Hol
T,T-A,T-A-E,T-A-E-C,T-A-E-C-Vis
T,T-A,T-A-E,T-A-E-C,T-A-E-C-Bus
T,T-A,T-A-E,T-A-E-C,T-A-E-C-Oth
T,T-A,T-A-E,T-A-E-D,T-A-E-D-Hol
T,T-A,T-A-E,T-A-E-D,T-A-E-D-Vis
T,T-A,T-A-E,T-A-E-D,T-A-E-D-Bus
T,T-A,T-A-E,T-A-E-D,T-A-E-D-Oth
T,T-A,T-A-F,T-A-F-A,T-A-F-A-Hol
T,T-A,T-A-F,T-A-F-A,T-A-F-A-Vis
T,T-A,T-A-F,T-A-F-A,T-A-F-A-Bus
T,T-A,T-A-F,T-A-F-A,T-A-F-A-Oth
T,T-B,T-B-A,T-B-A-A,T-B-A-A-Hol
T,T-B,T-B-A,T-B-A-A,T-B-A-A-Vis
T,T-B,T-B-A,T-B-A-A,T-B-A-A-Bus
T,T-B,T-B-A,T-B-A-A,T-B-A-A-Oth
T,T-B,T-B-A,T-B-A-B,T-B-A-B-Hol
T,T-B,T-B-A,T-B-A-B,T-B-A-B-Vis
T,T-B,T-B-A,T-B-A-B,T-B-A-B-Bus
T,T-B,T-B-A,T-B-A-B,T-B-A-B-Oth
T,T-B,T-B-A,T-B-A-C,T-B-A-C-Hol
T,T-B,T-B-A,T-B-A-C,T-B-A-C-Vis
T,T-B,T-B-A,T-B-A-C,T-B-A-C-Bus
T,T-B,T-B-A,T-B-A-C,T-B-A-C-Oth
T,T-B,T-B-B,T-B-B-A,T-B-B-A-Hol
T,T-B,T-B-B,T-B-B-A,T-B-B-A-Vis
T,T-B,T-B-B,T-B-B-A,T-B-B-A-Bus
T,T-B,T-B-B,T-B-B-A,T-B-B-A-Oth
T,T-B,T-B-C,T-B-C-A,T-B-C-A-Hol
T,T-B,T-B-C,T-B-C-A,T-B-C-A-Vis
T,T-B,T-B-C,T-B-C-A,T-B-C-A-Bus
T,T-B,T-B-C,T-B-C-A,T-B-C-A-Oth
T,T-B,T-B-C,T-B-C-B,T-B-C-B-Hol
T,T-B,T-B-C,T-B-C-B,T-B-C-B-Vis
T,T-B,T-B-C,T-B-C-B,T-B-C-B-Bus
T,T-B,T-B-C,T-B-C-B,T-B-C-B-Oth
T,T-B,T-B-C,T-B-C-C,T-B-C-C-Hol
T,T-B,T-B-C,T-B-C-C,T-B-C-C-Vis
T,T-B,T-B-C,T-B-C-C,T-B-C-C-Bus
T,T-B,T-B-C,T-B-C-C,T-B-C-C-Oth
T,T-B,T-B-D,T-B-D-A,T-B-D-A-Hol
T,T-B,T-B-D,T-B-D-A,T-B-D-A-Vis
T,T-B,T-B-D,T-B-D-A,T-B-D-A-Bus
T,T-B,T-B-D,T-B-D-A,T-B-D-A-Oth
T,T-B,T-B-D,T-B-D-B,T-B-D-B-Hol
T,T-B,T-B-D,T-B-D-B,T-B-D-B-Vis
T,T-B,T-B-D,T-B-D-B,T-B-D-B-Bus
T,T-B,T-B-D,T-B-D-B,T-B-D-B-Oth
T,T-B,T-B-D,T-B-D-C,T-B-D-C-Hol
T,T-B,T-B-D,T-B-D-C,T-B-D-C-Vis
T,T-B,T-B-D,T-B-D-C,T-B-D-C-Bus
T,T-B,T-B-D,T-B-D-C,T-B-D-C-Oth
T,T-B,T-B-D,T-B-D-D,T-B-D-D-Hol
T,T-B,T-B-D,T-B-D-D,T-B-D-D-Vis
T,T-B,T-B-D,T-B-D-D,T-B-D-D-Bus
T,T-B,T-B-D,T-B-D-D,T-B-D-D-Oth
T,T-B,T-B-D,T-B-D-E,T-B-D-E-Hol
T,T-B,T-B-D,T-B-D-E,T-B-D-E-Vis
T,T-B,T-B-D,T-B-D-E,T-B-D-E-Bus
T,T-B,T-B-D,T-B-D-E,T-B-D-E-Oth
T,T-B,T-B-D,T-B-D-F,T-B-D-F-Hol
T,T-B,T-B-D,T-B-D-F,T-B-D-F-Vis
T,T-B,T-B-D,T-B-D-F,T-B-D-F-Bus
T,T-B,T-B-D,T-B-D-F,T-B-D-F-Oth
T,T-B,T-B-E,T-B-E-A,T-B-E-A-Hol
T,T-B,T-B-E,T-B-E-A,T-B-E-A-Vis
T,T-B,T-B-E,T-B-E-A,T-B-E-A-Bus
T,T-B,T-B-E,T-B-E-A,T-B-E-A-Oth
T,T-B,T-B-E,T-B-E-B,T-B-E-B-Hol
T,T-B,T-B-E,T-B-E-B,T-B-E-B-Vis
T,T-B,T-B-E,T-B-E-B,T-B-E-B-Bus
T,T-B,T-B-E,T-B-E-B,T-B-E-B-Oth
T,T-B,T-B-E,T-B-E-C,T-B-E-C-Hol
T,T-B,T-B-E,T-B-E-C,T-B-E-C-Vis
T,T-B,T-B-E,T-B-E-C,T-B-E-C-Bus
T,T-B,T-B-E,T-B-E-C,T-B-E-C-Oth
T,T-B,T-B-E,T-B-E-D,T-B-E-D-Hol
T,T-B,T-B-E,T-B-E-D,T-B-E-D-Vis
T,T-B,T-B-E,T-B-E-D,T-B-E-D-Bus
T,T-B,T-B-E,T-B-E-D,T-B-E-D-Oth
T,T-B,T-B-E,T-B-E-E,T-B-E-E-Hol
T,T-B,T-B-E,T-B-E-E,T-B-E-E-Vis
T,T-B,T-B-E,T-B-E-E,T-B-E-E-Bus
T,T-B,T-B-E,T-B-E-E,T-B-E-E-Oth
T,T-B,T-B-E,T-B-E-F,T-B-E-F-Hol
T,T-B,T-B-E,T-B-E-F,T-B-E-F-Vis
T,T-B,T-B-E,T-B-E-F,T-B-E-F-Bus
T,T-B,T-B-E,T-B-E-F,T-B-E-F-Oth
T,T-B,T-B-E,T-B-E-G,T-B-E-G-Hol
T,T-B,T-B-E,T-B-E-G,T-B-E-G-Vis
T,T-B,T-B-E,T-B-E-G,T-B-E-G-Bus
T,T-B,T-B-E,T-B-E-G,T-B-E-G-Oth
T,T-B,T-B-E,T-B-E-H,T-B-E-H-Hol
T,T-B,T-B-E,T-B-E-H,T-B-E-H-Vis
T,T-B,T-B-E,T-B-E-H,T-B-E-H-Bus
T,T-B,T-B-E,T-B-E-H,T-B-E-H-Oth
T,T-C,T-C-A,T-C-A-A,T-C-A-A-Hol
T,T-C,T-C-A,T-C-A-A,T-C-A-A-Vis
T,T-C,T-C-A,T-C-A-A,T-C-A-A-Bus
T,T-C,T-C-A,T-C-A-A,T-C-A-A-Oth
T,T-C,T-C-A,T-C-A-B,T-C-A-B-Hol
T,T-C,T-C-A,T-C-A-B,T-C-A-B-Vis
T,T-C,T-C-A,T-C-A-B,T-C-A-B-Bus
T,T-C,T-C-A,T-C-A-B,T-C-A-B-Oth
T,T-C,T-C-A,T-C-A-C,T-C-A-C-Hol
T,T-C,T-C-A,T-C-A-C,T-C-A-C-Vis
T,T-C,T-C-A,T-C-A-C,T-C-A-C-Bus
T,T-C,T-C-A,T-C-A-C,T-C-A-C-Oth
T,T-C,T-C-B,T-C-B-A,T-C-B-A-Hol
T,T-C,T-C-B,T-C-B-A,T-C-B-A-Vis
T,T-C,T-C-B,T-C-B-A,T-C-B-A-Bus
T,T-C,T-C-B,T-C-B-A,T-C-B-A-Oth
T,T-C,T-C-B,T-C-B-B,T-C-B-B-Hol
T,T-C,T-C-B,T-C-B-B,T-C-B-B-Vis
T,T-C,T-C-B,T-C-B-B,T-C-B-B-Bus
T,T-C,T-C-B,T-C-B-B,T-C-B-B-Oth
T,T-C,T-C-B,T-C-B-C,T-C-B-C-Hol
T,T-C,T-C-B,T-C-B-C,T-C-B-C-Vis
T,T-C,T-C-B,T-C-B-C,T-C-B-C-Bus
T,T-C,T-C-B,T-C-B-C,T-C-B-C-Oth
T,T-C,T-C-B,T-C-B-D,T-C-B-D-Hol
T,T-C,T-C-B,T-C-B-D,T-C-B-D-Vis
T,T-C,T-C-B,T-C-B-D,T-C-B-D-Bus
T,T-C,T-C-B,T-C-B-D,T-C-B-D-Oth
T,T-C,T-C-C,T-C-C-A,T-C-C-A-Hol
T,T-C,T-C-C,T-C-C-A,T-C-C-A-Vis
T,T-C,T-C-C,T-C-C-A,T-C-C-A-Bus
T,T-C,T-C-C,T-C-C-A,T-C-C-A-Oth
T,T-C,T-C-C,T-C-C-B,T-C-C-B-Hol
T,T-C,T-C-C,T-C-C-B,T-C-C-B-Vis
T,T-C,T-C-C,T-C-C-B,T-C-C-B-Bus
T,T-C,T-C-C,T-C-C-B,T-C-C-B-Oth
T,T-C,T-C-C,T-C-C-C,T-C-C-C-Hol
T,T-C,T-C-C,T-C-C-C,T-C-C-C-Vis
T,T-C,T-C-C,T-C-C-C,T-C-C-C-Bus
T,T-C,T-C-C,T-C-C-C,T-C-C-C-Oth
T,T-C,T-C-D,T-C-D-A,T-C-D-A-Hol
T,T-C,T-C-D,T-C-D-A,T-C-D-A-Vis
T,T-C,T-C-D,T-C-D-A,T-C-D-A-Bus
T,T-C,T-C-D,T-C-D-A,T-C-D-A-Oth
T,T-C,T-C-D,T-C-D-B,T-C-D-B-Hol
T,T-C,T-C-D,T-C-D-B,T-C-D-B-Vis
T,T-C,T-C-D,T-C-D-B,T-C-D-B-Bus
T,T-C,T-C-D,T-C-D-B,T-C-D-B-Oth
T,T-D,T-D-A,T-D-A-A,T-D-A-A-Hol
T,T-D,T-D-A,T-D-A-A,T-D-A-A-Vis
T,T-D,T-D-A,T-D-A-A,T-D-A-A-Bus
T,T-D,T-D-A,T-D-A-A,T-D-A-A-Oth
T,T-D,T-D-A,T-D-A-B,T-D-A-B-Hol
T,T-D,T-D-A,T-D-A-B,T-D-A-B-Vis
T,T-D,T-D-A,T-D-A-B,T-D-A-B-Bus
T,T-D,T-D-A,T-D-A-B,T-D-A-B-Oth
T,T-D,T-D-A,T-D-A-C,T-D-A-C-Hol
T,T-D,T-D-A,T-D-A-C,T-D-A-C-Vis
T,T-D,T-D-A,T-D-A-C,T-D-A-C-Bus
T,T-D,T-D-A,T-D-A-C,T-D-A-C-Oth
T,T-D,T-D-B,T-D-B-A,T-D-B-A-Hol
T,T-D,T-D-B,T-D-B-A,T-D-B-A-Vis
T,T-D,T-D-B,T-D-B-A,T-D-B-A-Bus
T,T-D,T-D-B,T-D-B-A,T-D-B-A-Oth
T,T-D,T-D-B,T-D-B-B,T-D-B-B-Hol
T,T-D,T-D-B,T-D-B-B,T-D-B-B-Vis
T,T-D,T-D-B,T-D-B-B,T-D-B-B-Bus
T,T-D,T-D-B,T-D-B-B,T-D-B-B-Oth
T,T-D,T-D-B,T-D-B-C,T-D-B-C-Hol
T,T-D,T-D-B,T-D-B-C,T-D-B-C-Vis
T,T-D,T-D-B,T-D-B-C,T-D-B-C-Bus
T,T-D,T-D-B,T-D-B-C,T-D-B-C-Oth
T,T-D,T-D-C,T-D-C-A,T-D-C-A-Hol
T,T-D,T-D-C,T-D-C-A,T-D-C-A-Vis
T,T-D,T-D-C,T-D-C-A,T-D-C-A-Bus
T,T-D,T-D-C,T-D-C-A,T-D-C-A-Oth
T,T-D,T-D-C,T-D-C-B,T-D-C-B-Hol
T,T-D,T-D-C,T-D-C-B,T-D-C-B-Vis
T,T-D,T-D-C,T-D-C-B,T-D-C-B-Bus
T,T-D,T-D-C,T-D-C-B,T-D-C-B-Oth
T,T-D,T-D-C,T-D-C-C,T-D-C-C-Hol
T,T-D,T-D-C,T-D-C-C,T-D-C-C-Vis
T,T-D,T-D-C,T-D-C-C,T-D-C-C-Bus
T,T-D,T-D-C,T-D-C-C,T-D-C-C-Oth
T,T-D,T-D-C,T-D-C-D,T-D-C-D-Hol
T,T-D,T-D-C,T-D-C-D,T-D-C-D-Vis
T,T-D,T-D-C,T-D-C-D,T-D-C-D-Bus
T,T-D,T-D-C,T-D-C-D,T-D-C-D-Oth
T,T-D,T-D-D,T-D-D-A,T-D-D-A-Hol
T,T-D,T-D-D,T-D-D-A,T-D-D-A-Vis
T,T-D,T-D-D,T-D-D-A,T-D-D-A-Bus
T,T-D,T-D-D,T-D-D-A,T-D-D-A-Oth
T,T-D,T-D-D,T-D-D-B,T-D-D-B-Hol
T,T-D,T-D-D,T-D-D-B,T-D-D-B-Vis
T,T-D,T-D-D,T-D-D-B,T-D-D-B-Bus
T,T-D,T-D-D,T-D-D-B,T-D-D-B-Oth
T,T-E,T-E-A,T-E-A-A,T-E-A-A-Hol
T,T-E,T-E-A,T-E-A-A,T-E-A-A-Vis
T,T-E,T-E-A,T-E-A-A,T-E-A-A-Bus
T,T-E,T-E-A,T-E-A-A,T-E-A-A-Oth
T,T-E,T-E-A,T-E-A-B,T-E-A-B-Hol
T,T-E,T-E-A,T-E-A-B,T-E-A-B-Vis
T,T-E,T-E-A,T-E-A-B,T-E-A-B-Bus
T,T-E,T-E-A,T-E-A-B,T-E-A-B-Oth
T,T-E,T-E-A,T-E-A-C,T-E-A-C-Hol
T,T-E,T-E-A,T-E-A-C,T-E-A-C-Vis
T,T-E,T-E-A,T-E-A-C,T-E-A-C-Bus
T,T-E,T-E-A,T-E-A-C,T-E-A-C-Oth
T,T-E,T-E-B,T-E-B-A,T-E-B-A-Hol
T,T-E,T-E-B,T-E-B-A,T-E-B-A-Vis
T,T-E,T-E-B,T-E-B-A,T-E-B-A-Bus
T,T-E,T-E-B,T-E-B-A,T-E-B-A-Oth
T,T-E,T-E-C,T-E-C-A,T-E-C-A-Hol
T,T-E,T-E-C,T-E-C-A,T-E-C-A-Vis
T,T-E,T-E-C,T-E-C-A,T-E-C-A-Bus
T,T-E,T-E-C,T-E-C-A,T-E-C-A-Oth
T,T-F,T-F-A,T-F-A-A,T-F-A-A-Hol
T,T-F,T-F-A,T-F-A-A,T-F-A-A-Vis
T,T-F,T-F-A,T-F-A-A,T-F-A-A-Bus
T,T-F,T-F-A,T-F-A-A,T-F-A-A-Oth
T,T-F,T-F-B,T-F-B-A,T-F-B-A-Hol
T,T-F,T-F-B,T-F-B-A,T-F-B-A-Vis
T,T-F,T-F-B,T-F-B-A,T-F-B-A-Bus
T,T-F,T-F-B,T-F-B-A,T-F-B-A-Oth
T,T-F,T-F-B,T-F-B-B,T-F-B-B-Hol
T,T-F,T-F-B,T-F-B-B,T-F-B-B-Vis
T,T-F,T-F-B,T-F-B-B,T-F-B-B-Bus
T,T-F,T-F-B,T-F-B-B,T-F-B-B-Oth
T,T-F,T-F-C,T-F-C-A,T-F-C-A-Hol
T,T-F,T-F-C,T-F-C-A,T-F-C-A-Vis
T,T-F,T-F-C,T-F-C-A,T-F-C-A-Bus
T,T-F,T-F-C,T-F-C-A,T-F-C-A-Oth
T,T-F,T-F-C,T-F-C-B,T-F-C-B-Hol
T,T-F,T-F-C,T-F-C-B,T-F-C-B-Vis
T,T-F,T-F-C,T-F-C-B,T-F-C-B-Bus
T,T-F,T-F-C,T-F-C-B,T-F-C-B-Oth
T,T-G,T-G-A,T-G-A-A,T-G-A-A-Hol
T,T-G,T-G-A,T-G-A-A,T-G-A-A-Vis
T,T-G,T-G-A,T-G-A-A,T-G-A-A-Bus
T,T-G,T-G-A,T-G-A-A,T-G-A-A-Oth
T,T-G,T-G-A,T-G-A-B,T-G-A-B-Hol
T,T-G,T-G-A,T-G-A-B,T-G-A-B-Vis
T,T-G,T-G-A,T-G-A-B,T-G-A-B-Bus
T,T-G,T-G-A,T-G-A-B,T-G-A-B-Oth
T,T-G,T-G-A,T-G-A-C,T-G-A-C-Hol
T,T-G,T-G-A,T-G-A-C,T-G-A-C-Vis
T,T-G,T-G-A,T-G-A-C,T-G-A-C-Bus
T,T-G,T-G-A,T-G-A-C,T-G-A-C-Oth
T,T-G,T-G-B,T-G-B-A,T-G-B-A-Hol
T,T-G,T-G-B,T-G-B-A,T-G-B-A-Vis
T,T-G,T-G-B,T-G-B-A,T-G-B-A-Bus
T,T-G,T-G-B,T-G-B-A,T-G-B-A-Oth
T,T-G,T-G-B,T-G-B-B,T-G-B-B-Hol
T,T-G,T-G-B,T-G-B-B,T-G-B-B-Vis
T,T-G,T-G-B,T-G-B-B,T-G-B-B-Bus
T,T-G,T-G-B,T-G-B-B,T-G-B-B-Oth
T,T-G,T-G-B,T-G-B-C,T-G-B-C-Hol
T,T-G,T-G-B,T-G-B-C,T-G-B-C-Vis
T,T-G,T-G-B,T-G-B-C,T-G-B-C-Bus
T,T-G,T-G-B,T-G-B-C,T-G-B-C-Oth
T,T-G,T-G-B,T-G-B-D,T-G-B-D-Hol
T,T-G,T-G-B,T-G-B-D,T-G-B-D-Vis
T,T-G,T-G-B,T-G-B-D,T-G-B-D-Bus
T,T-G,T-G-B,T-G-B-D,T-G-B-D-Oth
